,left,right,up,down
0,2.1944209826635247e-06,1.530737031768594e-08,1.047013675912564e-06,1.960772953267699e-05
1,6.690439106995334e-07,0.0,0.0,1.753968314196024e-08
2,0.0,0.0,0.0,1.0155182020844323e-32
3,0.0,0.0,0.0,2.3724951650762345e-34
4,0.0,0.0,0.0,0.0
5,0.0,0.0,0.0,0.0
6,0.0,0.0,0.0,0.0
7,0.0,0.0,0.0,0.0
8,0.0,0.0,0.0,0.0
9,0.0,0.0,0.0,0.0
10,0.0,0.0,0.0,0.0
11,0.0,0.0,0.0,0.0
12,0.0,0.0,0.0,0.0
13,0.0,0.0,0.0,0.0
14,0.0,0.0,0.0,0.0
15,0.0,0.0,0.0,0.0
16,0.0,0.0,0.0,0.0
17,0.0,0.0,0.0,0.0
18,0.0,0.0,0.0,0.0
19,0.0,0.0,0.0,0.0
20,0.0,0.0,0.0,0.0
21,0.0,0.0,0.0,0.0
22,0.0,0.0,0.0,0.0
23,0.0,0.0,0.0,0.0
24,0.0,0.0,0.0,0.0
25,0.0,0.0,0.0,0.0
26,0.0,0.0,0.0,0.0
27,0.0,0.0,0.0,0.0
28,0.0,0.0,0.0,0.0
29,0.0,0.0,0.0,0.0
30,0.0,0.0,0.0,0.0
31,0.0,0.0,0.0,0.0
32,0.0,0.0,0.0,0.0
33,0.0,0.0,0.0,0.0
34,0.0,0.0,0.0,0.0
35,0.0,0.0,0.0,0.0
36,0.0,0.0,0.0,0.0
37,0.0,0.0,0.0,0.0
38,0.0,0.0,0.0,0.0
39,0.0,0.0,0.0,0.0
40,1.6860006215341278e-06,2.3849778949340055e-07,5.942164773304076e-07,3.161322526125431e-05
41,1.9498165549080596e-06,9.956473512266526e-35,0.0,3.07524179478365e-07
42,0.0,6.908027445043268e-29,0.0,0.0
43,0.0,1.6690016746714915e-20,0.0,0.0
44,6.642579251052294e-34,0.0,0.0,1.0107702928148281e-10
45,0.0,0.0,0.0,0.0
46,0.0,0.0,0.0,0.0
47,0.0,0.0,0.0,0.0
48,0.0,0.0,0.0,1.0991769262436394e-35
49,0.0,0.0,0.0,0.0
50,0.0,0.0,0.0,0.0
51,0.0,0.0,0.0,0.0
52,0.0,0.0,0.0,0.0
53,0.0,0.0,0.0,0.0
54,0.0,0.0,0.0,0.0
55,0.0,0.0,0.0,0.0
56,0.0,0.0,0.0,0.0
57,0.0,0.0,0.0,0.0
58,0.0,0.0,0.0,0.0
59,0.0,0.0,0.0,0.0
60,0.0,0.0,0.0,0.0
61,0.0,0.0,0.0,0.0
62,0.0,0.0,0.0,0.0
63,0.0,0.0,0.0,0.0
64,0.0,0.0,0.0,0.0
65,0.0,0.0,0.0,0.0
66,0.0,0.0,0.0,0.0
67,0.0,0.0,0.0,0.0
68,0.0,0.0,0.0,0.0
69,0.0,0.0,0.0,0.0
70,0.0,0.0,0.0,0.0
71,0.0,0.0,0.0,0.0
72,0.0,0.0,0.0,0.0
73,0.0,0.0,0.0,0.0
74,0.0,0.0,0.0,0.0
75,0.0,0.0,0.0,0.0
76,0.0,0.0,0.0,0.0
77,0.0,0.0,0.0,0.0
78,0.0,0.0,0.0,0.0
79,0.0,0.0,0.0,0.0
80,7.186795202015649e-06,4.814430085715297e-07,5.174290300525955e-06,4.632404917877967e-05
81,4.450498131048119e-06,2.884698799137838e-08,0.0,0.0
82,0.0,1.2911315081296777e-12,5.770934185320571e-36,1.7788331150794384e-05
83,0.0,0.0,0.0,2.6975351147242263e-05
84,0.0,2.97657068853185e-08,0.0,0.0
85,4.4754841974405525e-27,1.1666028242652223e-32,0.0,1.004885754434215e-06
86,8.795814944856834e-32,0.0,0.0,1.2639872174815943e-10
87,0.0,0.0,0.0,1.0998347301235553e-10
88,0.0,6.249646615261812e-27,0.0,2.148638192199434e-06
89,0.0,0.0,0.0,5.898825673220654e-07
90,0.0,0.0,0.0,0.0
91,0.0,0.0,0.0,0.0
92,0.0,0.0,0.0,0.0
93,0.0,0.0,0.0,0.0
94,0.0,0.0,0.0,0.0
95,0.0,0.0,0.0,0.0
96,0.0,0.0,0.0,0.0
97,0.0,0.0,0.0,0.0
98,0.0,0.0,0.0,0.0
99,0.0,0.0,0.0,0.0
100,0.0,0.0,0.0,0.0
101,0.0,0.0,0.0,0.0
102,0.0,0.0,0.0,0.0
103,0.0,0.0,0.0,0.0
104,0.0,0.0,0.0,0.0
105,0.0,0.0,0.0,0.0
106,0.0,0.0,0.0,0.0
107,0.0,0.0,0.0,0.0
108,0.0,0.0,0.0,0.0
109,0.0,0.0,0.0,0.0
110,0.0,0.0,0.0,0.0
111,0.0,0.0,0.0,0.0
112,0.0,0.0,0.0,0.0
113,0.0,0.0,0.0,0.0
114,0.0,0.0,0.0,0.0
115,0.0,0.0,0.0,0.0
116,0.0,0.0,0.0,0.0
117,0.0,0.0,0.0,0.0
118,0.0,0.0,0.0,0.0
119,0.0,0.0,0.0,0.0
120,1.975392669036672e-06,6.58230452932359e-05,1.2351429072254546e-05,1.6285084575913434e-06
121,2.4808357242183914e-06,9.39226091187551e-05,3.096432599617754e-07,2.912758902473649e-06
122,1.0342446200130692e-05,0.00013935977795291783,1.8504383877185098e-06,6.9497799864427805e-06
123,1.4376062018621324e-05,3.4447594238361303e-06,1.5875786166853456e-06,0.00020897519717085443
124,1.807791036448058e-12,3.1412456571600693e-06,0.0,9.701501109926744e-05
125,0.0,5.236264030204303e-07,2.5474841357174207e-25,8.556095025869065e-05
126,0.0,3.642979967297346e-12,6.944337668987718e-14,0.0001071130393652685
127,3.985485113452236e-06,6.2437605168270774e-27,1.1180335484473162e-13,0.00010280623276700884
128,2.0710777961893178e-25,7.34079644081147e-08,5.627330742548004e-28,0.00020811903095295582
129,0.0,1.1728138335676174e-06,2.7951589535721677e-08,0.000338268868650901
130,0.0,0.0,0.0,4.0418656579967294e-05
131,0.0,0.0,0.0,0.0
132,0.0,0.0,0.0,0.0
133,0.0,0.0,0.0,0.0
134,0.0,0.0,0.0,0.0
135,0.0,0.0,0.0,0.0
136,0.0,0.0,0.0,0.0
137,0.0,0.0,0.0,0.0
138,0.0,0.0,0.0,0.0
139,0.0,0.0,0.0,0.0
140,0.0,0.0,0.0,0.0
141,0.0,0.0,0.0,0.0
142,0.0,0.0,0.0,0.0
143,0.0,0.0,0.0,0.0
144,0.0,0.0,0.0,0.0
145,0.0,0.0,0.0,0.0
146,0.0,0.0,0.0,0.0
147,0.0,0.0,0.0,0.0
148,0.0,0.0,0.0,0.0
149,0.0,0.0,0.0,0.0
150,0.0,0.0,0.0,0.0
151,0.0,0.0,0.0,0.0
152,0.0,0.0,0.0,0.0
153,0.0,0.0,0.0,0.0
154,0.0,0.0,0.0,0.0
155,0.0,0.0,0.0,0.0
156,0.0,0.0,0.0,0.0
157,0.0,0.0,0.0,0.0
158,0.0,0.0,0.0,0.0
159,0.0,0.0,0.0,0.0
160,6.265691404418089e-11,4.059653765303538e-07,1.6405059674665135e-05,4.372650944571731e-15
161,1.760194485753026e-06,1.2462074982411424e-05,1.0073462584373447e-17,1.6432397639386551e-12
162,2.8155948629773275e-07,8.635216440882484e-05,8.95989376129157e-06,1.589590617964577e-07
163,8.27710532720093e-06,0.00031000692748773525,2.449742836396238e-05,9.109144133167619e-06
164,4.403376241053271e-05,0.00043063398409069677,1.603380764797688e-05,7.567701681155536e-06
165,3.239670046681733e-05,0.0005887525222405026,7.782665339243999e-06,1.775418051319601e-05
166,9.382553514860519e-05,0.0007571093447083249,9.32807964469712e-06,1.618831093968891e-05
167,0.00033806477931888125,0.0009560454697791017,4.817518212674227e-06,3.6658014878214836e-06
168,0.0001634195546475483,0.0012006927570360902,2.1669600454001406e-05,0.00012628804517718313
169,0.0002340195860972613,0.0001547914388194416,6.320048298806837e-05,0.0015250048770280968
170,0.0005968122648062219,0.0,0.0,2.696259806003415e-05
171,0.0,0.0,0.0,0.0
172,0.0,0.0,0.0,0.0
173,0.0,0.0,0.0,0.0
174,0.0,0.0,0.0,0.0
175,0.0,0.0,0.0,0.0
176,0.0,0.0,0.0,0.0
177,0.0,0.0,0.0,0.0
178,0.0,0.0,0.0,0.0
179,0.0,0.0,0.0,0.0
180,0.0,0.0,0.0,0.0
181,0.0,0.0,0.0,0.0
182,0.0,0.0,0.0,0.0
183,0.0,0.0,0.0,0.0
184,0.0,0.0,0.0,0.0
185,0.0,0.0,0.0,0.0
186,0.0,0.0,0.0,0.0
187,0.0,0.0,0.0,0.0
188,0.0,0.0,0.0,0.0
189,0.0,0.0,0.0,0.0
190,0.0,0.0,0.0,0.0
191,0.0,0.0,0.0,0.0
192,0.0,0.0,0.0,0.0
193,0.0,0.0,0.0,0.0
194,0.0,0.0,0.0,0.0
195,0.0,0.0,0.0,0.0
196,0.0,0.0,0.0,0.0
197,0.0,0.0,0.0,0.0
198,0.0,0.0,0.0,0.0
199,0.0,0.0,0.0,0.0
200,0.0,4.858501049524145e-14,0.0,0.0
201,0.0,1.6209807977336008e-10,7.517088858881688e-09,0.0
202,0.0,1.9147814365065053e-07,5.548083660243905e-06,0.0
203,6.548758062018537e-08,0.0,7.448919962238867e-05,0.0
204,0.0,0.0,8.576265455249806e-05,0.0
205,2.4546046396904345e-11,4.314293046433206e-06,0.00012467791510148692,0.0
206,1.609006671638351e-06,0.0,0.00017819312456192018,2.6727975381271833e-17
207,7.559286490765691e-06,2.6289771522903692e-05,0.0,0.0
208,4.1015445345696735e-07,0.0008039964930617177,8.436134464875103e-05,5.353923748221024e-07
209,0.0001849833907417134,8.838872802283616e-05,0.00040280101448733803,0.001971551371798446
210,0.00041768714558275064,3.1357780718882885e-20,4.6804003110214636e-05,8.648353020937841e-05
211,0.0,0.0,0.0,1.4997040164267104e-11
212,8.297424340056284e-29,0.0,0.0,0.0
213,0.0,0.0,0.0,0.0
214,0.0,0.0,0.0,0.0
215,0.0,0.0,0.0,0.0
216,0.0,0.0,0.0,0.0
217,0.0,0.0,0.0,0.0
218,0.0,0.0,0.0,0.0
219,0.0,0.0,0.0,0.0
220,0.0,0.0,0.0,0.0
221,0.0,0.0,0.0,0.0
222,0.0,0.0,0.0,0.0
223,0.0,0.0,0.0,0.0
224,0.0,0.0,0.0,0.0
225,0.0,0.0,0.0,0.0
226,0.0,0.0,0.0,0.0
227,0.0,0.0,0.0,0.0
228,0.0,0.0,0.0,0.0
229,0.0,0.0,0.0,0.0
230,0.0,0.0,0.0,0.0
231,0.0,0.0,0.0,0.0
232,0.0,0.0,0.0,0.0
233,0.0,0.0,0.0,0.0
234,0.0,0.0,0.0,0.0
235,0.0,0.0,0.0,0.0
236,0.0,0.0,0.0,0.0
237,0.0,0.0,0.0,0.0
238,0.0,0.0,0.0,0.0
239,0.0,0.0,0.0,0.0
240,0.0,1.1862549071048284e-15,0.0,0.0
241,0.0,0.0,6.76549859848423e-10,0.0
242,1.375647291567816e-19,0.0,0.0,0.0
243,0.0,0.0,0.0,0.0
244,0.0,0.0,8.412010254329664e-13,0.0
245,0.0,9.545705493311368e-18,0.0,0.0
246,0.0,0.0,1.8674048323540897e-06,0.0
247,0.0,1.1342948191311394e-10,0.0,9.354467569711997e-09
248,1.0208653372180256e-11,0.0005041067362340871,1.2855343691444908e-08,1.0385112357427004e-07
249,6.839712164079075e-05,0.0004336753836067884,0.000675671540925289,0.002429013667274571
250,5.263721783359303e-07,2.2984591335897344e-13,1.4270929319814244e-05,0.0015464502047012514
251,5.7669609417055014e-05,5.564946742356168e-09,0.0,0.000674728283223452
252,1.4998873038722718e-05,0.0,0.0,8.035296381010305e-09
253,0.0,0.0,0.0,0.0
254,0.0,0.0,0.0,0.0
255,0.0,0.0,0.0,7.95223089274398e-25
256,0.0,0.0,0.0,0.0
257,0.0,0.0,0.0,0.0
258,0.0,0.0,0.0,0.0
259,0.0,0.0,0.0,0.0
260,0.0,0.0,0.0,0.0
261,0.0,0.0,0.0,0.0
262,0.0,0.0,0.0,0.0
263,0.0,0.0,0.0,0.0
264,0.0,0.0,0.0,0.0
265,0.0,0.0,0.0,0.0
266,0.0,0.0,0.0,0.0
267,0.0,0.0,0.0,0.0
268,0.0,0.0,0.0,0.0
269,0.0,0.0,0.0,0.0
270,0.0,0.0,0.0,0.0
271,0.0,0.0,0.0,0.0
272,0.0,0.0,0.0,0.0
273,0.0,0.0,0.0,0.0
274,0.0,0.0,0.0,0.0
275,0.0,0.0,0.0,0.0
276,0.0,0.0,0.0,0.0
277,0.0,0.0,0.0,0.0
278,0.0,0.0,0.0,0.0
279,0.0,0.0,0.0,0.0
280,0.0,0.0,0.0,0.0
281,0.0,0.0,0.0,0.0
282,0.0,0.0,0.0,0.0
283,0.0,0.0,0.0,0.0
284,0.0,0.0,0.0,0.0
285,0.0,0.0,0.0,0.0
286,0.0,1.467359671790483e-25,0.0,0.0
287,0.0,5.61475218418338e-05,0.0,0.0
288,8.74049780859818e-12,0.0007635231567420394,2.8849756934243455e-05,1.646187666628596e-17
289,0.00016800399968028537,0.002975306191340471,0.00048724344172420447,4.058425183913873e-05
290,0.0004841071566567298,0.003602795631459104,0.00015299787180753777,0.00024655284893102284
291,0.0005853267622993788,0.00017206487575855924,0.00010542122925584691,0.004293012140491378
292,1.2897873678778882e-05,0.0,7.231766742909275e-10,0.0016540176920505848
293,5.733315830531876e-06,0.0,0.0,0.0
294,0.0,0.0,0.0,0.0
295,0.0,0.0,0.0,2.3152452407508937e-21
296,0.0,0.0,0.0,0.0
297,0.0,0.0,0.0,0.0
298,0.0,0.0,0.0,0.0
299,0.0,0.0,0.0,0.0
300,0.0,0.0,0.0,0.0
301,0.0,0.0,0.0,0.0
302,0.0,0.0,0.0,0.0
303,0.0,0.0,0.0,0.0
304,0.0,0.0,0.0,0.0
305,0.0,0.0,0.0,0.0
306,0.0,0.0,0.0,0.0
307,0.0,0.0,0.0,0.0
308,0.0,0.0,0.0,0.0
309,0.0,0.0,0.0,0.0
310,0.0,0.0,0.0,0.0
311,0.0,0.0,0.0,0.0
312,0.0,0.0,0.0,0.0
313,0.0,0.0,0.0,0.0
314,0.0,0.0,0.0,0.0
315,0.0,0.0,0.0,0.0
316,0.0,0.0,0.0,0.0
317,0.0,0.0,0.0,0.0
318,0.0,0.0,0.0,0.0
319,0.0,0.0,0.0,0.0
320,0.0,0.0,0.0,0.0
321,0.0,0.0,0.0,0.0
322,0.0,0.0,0.0,0.0
323,0.0,0.0,0.0,0.0
324,0.0,0.0,0.0,0.0
325,0.0,0.0,0.0,0.0
326,0.0,0.0,0.0,0.0
327,0.0,1.587743768800362e-21,0.0,0.0
328,2.1754590084455553e-23,1.8285693748795928e-16,1.0387052304446429e-07,0.0
329,1.939947019424246e-12,8.971858441745929e-05,0.0002881834857058573,6.593242237981302e-12
330,1.6436849412592331e-09,0.0018096262004013404,9.036946526378909e-05,1.0897699126011291e-10
331,0.0003831428008184135,0.005086949297221842,0.00122413577713806,0.0011169434261979869
332,0.001254560792018375,0.0004923059409315787,0.00016540574362595458,0.005989993740742653
333,0.0022255031034968554,1.6207497599966556e-23,2.483832312886242e-14,8.229753151890934e-06
334,0.00013373999451508212,0.0,0.0,0.0
335,0.0,0.0,0.0,5.2990593153858556e-05
336,0.0,0.0,0.0,0.0
337,0.0,0.0,0.0,0.0
338,0.0,0.0,0.0,0.0
339,0.0,0.0,0.0,0.0
340,0.0,0.0,0.0,0.0
341,0.0,0.0,0.0,0.0
342,0.0,0.0,0.0,0.0
343,0.0,0.0,0.0,0.0
344,0.0,0.0,0.0,0.0
345,0.0,0.0,0.0,4.9334394542557955e-30
346,0.0,0.0,0.0,0.0
347,0.0,0.0,0.0,0.0
348,0.0,0.0,0.0,0.0
349,0.0,0.0,0.0,0.0
350,0.0,0.0,0.0,0.0
351,0.0,0.0,0.0,0.0
352,0.0,0.0,0.0,0.0
353,0.0,0.0,0.0,0.0
354,0.0,0.0,0.0,0.0
355,0.0,0.0,0.0,0.0
356,0.0,0.0,0.0,0.0
357,0.0,0.0,0.0,0.0
358,0.0,0.0,0.0,0.0
359,0.0,0.0,0.0,0.0
360,0.0,0.0,0.0,0.0
361,0.0,0.0,0.0,0.0
362,0.0,0.0,0.0,0.0
363,0.0,0.0,0.0,0.0
364,0.0,0.0,0.0,0.0
365,0.0,0.0,0.0,0.0
366,0.0,0.0,0.0,0.0
367,0.0,1.4038968139397824e-23,0.0,0.0
368,0.0,1.55988534882198e-22,1.3701978679558063e-21,0.0
369,0.0,3.6873266804204224e-09,0.0,0.0
370,0.0,0.00023226740019842115,0.0,0.0
371,2.091232436381419e-06,0.004123330226163933,7.390940575677033e-07,2.6311865179605938e-14
372,0.0014275156408555289,0.0010553000616714135,0.0012139134619876444,0.006912748795425265
373,2.5638171938118224e-05,3.2466587761031256e-06,0.00027761578125019983,0.004461831592698995
374,0.0,0.001828191344984197,2.0686423019340914e-06,0.0010934711159408617
375,0.00021473712360684096,3.991540486976271e-07,6.5418734798806975e-12,0.006533337485460928
376,8.088178510586973e-05,0.0,0.0,8.42939182766476e-09
377,0.0,0.0,0.0,0.0
378,0.0,0.0,0.0,0.0
379,0.0,0.0,0.0,0.0
380,0.0,0.0,0.0,0.0
381,0.0,0.0,0.0,0.0
382,0.0,0.0,0.0,0.0
383,0.0,0.0,0.0,0.0
384,0.0,0.0,0.0,0.0
385,0.0,0.0,0.0,3.46023794338846e-26
386,0.0,0.0,0.0,0.0
387,0.0,0.0,0.0,0.0
388,0.0,0.0,0.0,0.0
389,0.0,0.0,0.0,0.0
390,0.0,0.0,0.0,0.0
391,0.0,0.0,0.0,0.0
392,0.0,0.0,0.0,0.0
393,0.0,0.0,0.0,0.0
394,0.0,0.0,0.0,0.0
395,0.0,0.0,0.0,0.0
396,0.0,0.0,0.0,0.0
397,0.0,0.0,0.0,0.0
398,0.0,0.0,0.0,0.0
399,0.0,0.0,0.0,0.0
400,0.0,0.0,0.0,0.0
401,0.0,0.0,0.0,0.0
402,0.0,0.0,0.0,0.0
403,0.0,0.0,0.0,0.0
404,0.0,0.0,0.0,0.0
405,0.0,0.0,0.0,0.0
406,0.0,0.0,0.0,0.0
407,0.0,0.0,0.0,0.0
408,0.0,0.0,1.4038968139397824e-23,0.0
409,0.0,0.0,0.0,2.3939139080080913e-19
410,2.956474713185754e-30,0.0,0.0,0.0
411,0.0,0.0018131227518587254,5.2180077585990524e-06,2.373059342440811e-08
412,0.00019741115086303825,0.007904461449126555,0.0020242693779084844,0.0020438660206651828
413,0.0024438716541397665,0.009004036709928217,0.0009038671396967937,0.0003515965396182609
414,0.003511890490625014,0.010235569665069269,0.0003673434890580377,0.001638559107296647
415,0.0041237912810864205,0.002520852481294295,0.0023896812334743105,0.011563758755778317
416,0.006197971497947528,0.0,1.250913843904614e-10,0.0010884370330541807
417,0.0,0.0,0.0,0.0
418,0.0,0.0,0.0,0.0
419,0.0,0.0,0.0,0.0
420,0.0,0.0,0.0,0.0
421,0.0,0.0,0.0,0.0
422,0.0,0.0,0.0,0.0
423,0.0,0.0,0.0,0.0
424,0.0,0.0,0.0,0.0
425,0.0,0.0,0.0,1.5610781626532234e-24
426,9.414662456279626e-27,0.0,0.0,0.0
427,0.0,0.0,0.0,0.0
428,0.0,0.0,0.0,0.0
429,0.0,0.0,0.0,0.0
430,0.0,0.0,0.0,0.0
431,0.0,0.0,0.0,0.0
432,0.0,0.0,0.0,3.44140731787613e-18
433,0.0,0.0,0.0,9.95026231991379e-13
434,0.0,0.0,0.0,0.0
435,0.0,0.0,0.0,0.0
436,0.0,0.0,0.0,0.0
437,0.0,0.0,0.0,0.0
438,0.0,0.0,0.0,0.0
439,0.0,0.0,0.0,0.0
440,0.0,0.0,0.0,0.0
441,0.0,0.0,0.0,0.0
442,0.0,0.0,0.0,0.0
443,0.0,0.0,0.0,0.0
444,0.0,0.0,0.0,0.0
445,0.0,0.0,0.0,0.0
446,0.0,0.0,0.0,0.0
447,0.0,0.0,0.0,0.0
448,0.0,0.0,0.0,0.0
449,0.0,9.58455562763871e-18,0.0,0.0
450,5.675516734045899e-34,2.500610271252392e-16,0.0,0.0
451,0.0,6.969841312726633e-21,2.7738090398040295e-05,0.0
452,3.1220423659036265e-12,0.00013086529608670027,0.004580134151256856,2.0907739992239714e-06
453,0.0003358024112687212,0.0024266578573424653,0.0,0.00034789745144417664
454,0.0,0.008601615284723278,0.0008511879001671888,8.91628141704522e-06
455,0.0027056693246276554,0.005586629810882263,0.006088615099682084,0.012975129678221911
456,0.00028106587191831006,7.185486791942049e-05,0.0004235906198703075,0.011771028846033212
457,0.0007750769846053132,0.0,0.0,0.0003837635661482668
458,0.0,0.0,0.0,0.0
459,0.0,0.0,0.0,0.0
460,0.0,0.0,0.0,0.0
461,0.0,0.0,0.0,0.0
462,0.0,0.0,0.0,0.0
463,0.0,0.0,0.0,0.0
464,0.0,0.0,0.0,0.0
465,0.0,0.0,0.0,1.243665358443417e-22
466,0.0,0.0,0.0,0.0
467,0.0,0.0,0.0,0.0
468,0.0,0.0,0.0,0.0
469,0.0,0.0,0.0,9.030715880848164e-21
470,0.0,0.0,0.0,0.0
471,0.0,0.0,0.0,0.0
472,0.0,3.224969246210687e-14,0.0,0.0
473,0.0,0.0,0.0,3.3972668662246095e-10
474,0.0,0.0,0.0,0.0
475,0.0,0.0,0.0,0.0
476,0.0,0.0,0.0,0.0
477,0.0,0.0,0.0,0.0
478,0.0,0.0,0.0,0.0
479,0.0,0.0,0.0,0.0
480,0.0,0.0,0.0,0.0
481,0.0,0.0,0.0,0.0
482,0.0,0.0,0.0,0.0
483,0.0,0.0,0.0,0.0
484,0.0,0.0,0.0,0.0
485,0.0,0.0,0.0,0.0
486,0.0,0.0,0.0,0.0
487,0.0,8.73462025369664e-36,0.0,0.0
488,0.0,1.5991657883096172e-21,0.0,0.0
489,0.0,0.0,2.553830486543397e-19,0.0
490,0.0,0.0,0.0,0.0
491,0.0,0.0,4.508531764342295e-08,0.0
492,3.3190156339449704e-33,0.0,2.3228437407300154e-05,0.0
493,1.191366135365451e-16,0.0017207863056465439,0.00013059752152378817,9.289919896642468e-05
494,0.00019907235212558543,0.009395813869177238,0.00017629056825585593,9.112514290908812e-07
495,0.004511521953454898,0.014538743704465945,0.007620988554287837,0.0031264727019592957
496,0.009281780178597907,0.0014155261223687422,0.003693288757200718,0.016257564519120124
497,0.006982232580755105,0.0,1.0492772579387245e-06,0.00030703313784243946
498,0.0,0.0,0.0,0.0
499,0.0,0.0,0.0,2.2284888215059874e-17
500,0.0,0.0,0.0,5.545169212026491e-20
501,0.0,0.0,0.0,0.0
502,0.0,0.0,0.0,0.0
503,0.0,0.0,0.0,0.0
504,0.0,0.0,0.0,0.0
505,0.0,0.0,0.0,4.0756186996385366e-21
506,0.0,0.0,0.0,0.0
507,0.0,0.0,0.0,0.0
508,0.0,0.0,0.0,0.0
509,0.0,0.0,0.0,1.1583633608852759e-16
510,0.0,0.0,0.0,0.0
511,0.0,3.4588464127177705e-20,0.0,0.0
512,0.0,3.843162680797522e-19,0.0,0.0
513,0.0,0.0,3.3659024546200443e-12,1.5081456770602763e-08
514,3.1425861715057567e-15,0.0,0.0,0.0
515,0.0,0.0,0.0,0.0
516,0.0,0.0,0.0,1.5546736798190854e-15
517,0.0,0.0,0.0,0.0
518,0.0,0.0,0.0,0.0
519,0.0,0.0,0.0,0.0
520,0.0,0.0,0.0,0.0
521,0.0,0.0,0.0,0.0
522,0.0,0.0,0.0,0.0
523,0.0,0.0,0.0,0.0
524,0.0,0.0,0.0,0.0
525,0.0,0.0,0.0,0.0
526,0.0,0.0,0.0,0.0
527,0.0,0.0,0.0,0.0
528,0.0,0.0,0.0,0.0
529,0.0,0.0,0.0,0.0
530,0.0,0.0,0.0,0.0
531,0.0,0.0,0.0,0.0
532,0.0,3.389086392059168e-05,0.0,0.0
533,2.8825186967300484e-25,1.4654128789025605e-10,0.0005992722335508841,3.122162454498604e-23
534,2.0273051616633125e-05,0.0,0.0,0.0
535,2.700734031685374e-10,0.010707420946034267,0.00017152766035737662,0.0007355469688440629
536,0.0025111478109595465,0.0030307003586260033,0.008617585572772868,0.018125799521059676
537,0.010744559601482528,0.0016952632014852961,0.00027796656253179273,0.0
538,0.0008569634129722062,1.8034207735492083e-09,0.0,0.01631846452296392
539,0.0012724247280617026,5.545169212026491e-20,0.0,0.0
540,0.0,0.0,0.0,0.0001986291701535653
541,0.0,0.0,0.0,0.0
542,0.0,0.0,0.0,0.0
543,0.0,0.0,0.0,0.0
544,0.0,0.0,0.0,0.0
545,0.0,1.8065321683645421e-19,0.0,0.0
546,0.0,4.9785238303102e-18,0.0,0.0
547,0.0,3.8526027479864074e-17,0.0,2.4637234783727702e-20
548,0.0,7.59667120220659e-15,0.0,7.289876809861536e-19
549,1.710017716428569e-16,4.630329938796247e-16,1.2486430485781643e-19,8.554204649988657e-14
550,0.0,0.0,0.0,2.4338356343194706e-14
551,0.0,0.0,0.0,0.0
552,0.0,2.622805663041756e-08,0.0,9.348233547885865e-21
553,1.7363240183097564e-11,1.1191800067092323e-11,3.0713187120923307e-10,2.0379295232559974e-07
554,3.0209033481782544e-10,0.0,0.0,0.0
555,0.0,0.0,0.0,0.0
556,0.0,0.0,0.0,7.425579549459264e-14
557,0.0,0.0,0.0,0.0
558,0.0,0.0,0.0,0.0
559,0.0,0.0,0.0,0.0
560,0.0,0.0,0.0,0.0
561,0.0,0.0,0.0,0.0
562,0.0,0.0,0.0,0.0
563,0.0,0.0,0.0,0.0
564,0.0,0.0,0.0,0.0
565,0.0,0.0,0.0,0.0
566,0.0,0.0,0.0,0.0
567,0.0,0.0,0.0,0.0
568,0.0,0.0,0.0,0.0
569,0.0,0.0,0.0,0.0
570,0.0,0.0,0.0,0.0
571,0.0,0.0,0.0,0.0
572,0.0,0.0,0.0,0.0
573,0.0,0.0,6.906456544718043e-06,0.0
574,0.0,0.00011673696471255039,0.0,0.0
575,0.0,0.009198057865222885,5.984015733820345e-05,1.061829121616257e-11
576,0.0027686370189828084,0.020187043664554986,0.010351895765205848,0.006087870405454549
577,0.009058004159560875,0.022470780992626744,0.0020744503334055686,0.01184476765579854
578,0.011290915655074405,0.010409837101287992,0.007752868713893564,0.024992420953832493
579,0.00219863585085096,0.00020414647547440043,1.8034207936056079e-09,0.02434719324704653
580,0.0037003069315937687,0.0,5.886941408694583e-15,0.0
581,0.0,0.0,0.0,0.0
582,0.0,0.0,0.0,0.0
583,0.0,0.0,0.0,0.0
584,0.0,0.0,0.0,0.0
585,0.0,0.0,2.9535081124211002e-21,0.0
586,0.0,0.0,0.0,0.0
587,0.0,7.795510945567218e-18,0.0,0.0
588,0.0,0.0,2.6021792571421356e-16,4.309452570466373e-21
589,6.573787078025381e-18,1.0155706020391527e-12,3.3748520280066345e-15,6.018338142207462e-19
590,0.0,1.8633656543772523e-11,0.0,0.0
591,0.0,2.5015419137427995e-10,0.0,0.0
592,0.0,0.0,2.7841103462400397e-09,0.0
593,9.405639334562344e-12,0.0,0.0,1.3682446181291773e-06
594,0.0,0.0,0.0,0.0
595,0.0,0.0,0.0,0.0
596,0.0,0.0,8.182493051679398e-16,1.5950534696561997e-12
597,1.0336471847148398e-13,0.0,0.0,0.0
598,0.0,0.0,0.0,0.0
599,0.0,0.0,0.0,0.0
600,0.0,0.0,0.0,0.0
601,0.0,0.0,0.0,0.0
602,0.0,0.0,0.0,0.0
603,0.0,0.0,0.0,0.0
604,0.0,0.0,0.0,0.0
605,0.0,0.0,0.0,0.0
606,0.0,0.0,0.0,0.0
607,0.0,0.0,0.0,0.0
608,0.0,0.0,0.0,0.0
609,0.0,0.0,0.0,0.0
610,0.0,0.0,0.0,0.0
611,0.0,0.0,0.0,0.0
612,0.0,0.0,0.0,0.0
613,0.0,0.0,0.0,0.0
614,0.0,0.0,1.1281039621507698e-25,0.0
615,0.0,0.000339607872413974,0.0,0.0
616,0.0,0.013614198803998332,0.0009177284987677425,5.891801908009327e-09
617,0.0009579566634203167,0.023144458238862912,0.0037834257165833152,0.0007470378609957605
618,0.00846557215843615,0.02778917881651543,0.0180730115953107,0.015301297293075826
619,0.022169404715977857,0.005641915429985064,0.01245589704163593,0.030888310485764785
620,0.015321645133596986,0.0,8.550824403336347e-05,0.0
621,0.0,0.0,0.0,0.0
622,0.0,0.0,0.0,0.0
623,0.0,0.0,0.0,0.0
624,0.0,0.0,0.0,0.0
625,0.0,0.0,0.0,0.0
626,0.0,0.0,0.0,0.0
627,0.0,0.0,1.2348002185652505e-19,0.0
628,0.0,0.0,4.788280633851525e-20,0.0
629,0.0,0.0,8.30427114775655e-17,0.0
630,0.0,0.0,0.0,0.0
631,0.0,0.0,0.0,0.0
632,0.0,0.0,0.0,0.0
633,0.0,2.2824489054516642e-08,1.5499679403048484e-10,8.438708411647477e-06
634,7.606374245607946e-07,0.0,0.0,0.0
635,0.0,0.0,0.0,3.7693751899064296e-11
636,0.0,0.0,0.0,3.1477235309248667e-09
637,2.83295117783238e-10,0.0,0.0,0.0
638,0.0,0.0,0.0,0.0
639,0.0,0.0,0.0,0.0
640,0.0,0.0,0.0,0.0
641,0.0,0.0,0.0,0.0
642,0.0,0.0,0.0,0.0
643,0.0,0.0,0.0,0.0
644,0.0,0.0,0.0,0.0
645,0.0,0.0,0.0,0.0
646,0.0,0.0,0.0,0.0
647,0.0,0.0,0.0,0.0
648,0.0,0.0,0.0,0.0
649,0.0,0.0,0.0,0.0
650,0.0,0.0,0.0,0.0
651,0.0,0.0,0.0,0.0
652,0.0,0.0,0.0,0.0
653,0.0,0.0,0.0,0.0
654,0.0,0.0,0.0,0.0
655,0.0,0.0,0.0,0.0
656,0.0,0.0005772471147271987,0.0,0.0
657,0.0,0.01190556034365982,0.0013617708702990921,0.0
658,0.001607386138852588,0.029881606861405736,0.00249931521075528,0.00025856804767339294
659,0.016255998120168116,0.005677822913130213,0.016725192073147682,0.034327619690336104
660,0.0006532264773454178,1.8241741160216067e-10,0.0,0.017486755389009383
661,0.0012483049143743436,0.0,0.0,0.0
662,0.0,0.0,0.0,1.680495587473682e-15
663,0.0,0.0,0.0,0.0
664,0.0,0.0,0.0,0.0
665,0.0,0.0,0.0,0.0
666,0.0,0.0,0.0,0.0
667,0.0,0.0,0.0,0.0
668,0.0,0.0,0.0,0.0
669,0.0,0.0,0.0,0.0
670,0.0,0.0,0.0,0.0
671,0.0,0.0,0.0,0.0
672,0.0,1.5795354584053357e-06,0.0,0.0
673,5.145631323460727e-08,0.0,1.4248184038844479e-16,4.755972770262975e-05
674,0.0,2.491107345153096e-12,0.0,0.0
675,0.0,8.49874425190431e-09,0.0,0.0
676,0.0,0.0,0.0,4.5918099442032344e-07
677,0.0,0.0,0.0,0.0
678,0.0,0.0,0.0,0.0
679,0.0,0.0,0.0,0.0
680,0.0,0.0,0.0,0.0
681,0.0,0.0,0.0,0.0
682,0.0,0.0,0.0,0.0
683,0.0,0.0,0.0,0.0
684,0.0,0.0,0.0,0.0
685,0.0,0.0,0.0,0.0
686,0.0,0.0,0.0,0.0
687,0.0,0.0,0.0,0.0
688,0.0,0.0,0.0,0.0
689,0.0,0.0,0.0,0.0
690,0.0,0.0,0.0,0.0
691,0.0,0.0,0.0,0.0
692,0.0,0.0,0.0,0.0
693,0.0,0.0,0.0,0.0
694,0.0,0.0,0.0,0.0
695,0.0,0.0,0.0,0.0
696,0.0,0.0,0.0,0.0
697,0.0,0.00014327324802972173,0.0,0.0
698,6.029660490951627e-08,0.0031477689958548274,0.013398270199823446,1.4348449023244233e-05
699,0.003873781119158238,0.02157166740332707,0.027678037422823265,0.03814580866012871
700,0.03193720494609524,1.7964231709753247e-15,0.0026772913161389198,0.0034992335827267623
701,0.0,5.654724041682534e-12,0.0,0.0
702,2.9495677779739268e-18,4.043231145118969e-10,0.0,1.2056681214475632e-17
703,0.0,0.0,0.0,7.927334246604866e-07
704,6.259915145265253e-11,0.0,0.0,0.0
705,0.0,0.0,0.0,0.0
706,0.0,0.0,0.0,0.0
707,0.0,0.0,0.0,0.0
708,0.0,0.0,0.0,0.0
709,0.0,0.0,0.0,0.0
710,0.0,0.0,0.0,0.0
711,0.0,0.0,0.0,0.0
712,0.0,0.0,0.0,0.0
713,0.0,0.00023763298207578673,2.1660942841710872e-07,0.0
714,2.492118749674815e-07,0.0,5.63017732153986e-19,0.001007271188449779
715,0.0,0.0,0.0,0.0
716,0.0,0.0,2.559785029339548e-08,1.2775520486145386e-05
717,0.0,0.0,0.0,0.0
718,0.0,0.0,0.0,0.0
719,0.0,0.0,0.0,0.0
720,0.0,0.0,0.0,0.0
721,0.0,0.0,0.0,0.0
722,0.0,0.0,0.0,0.0
723,0.0,0.0,0.0,0.0
724,0.0,0.0,0.0,0.0
725,0.0,0.0,0.0,0.0
726,0.0,0.0,0.0,0.0
727,0.0,0.0,0.0,0.0
728,0.0,0.0,0.0,0.0
729,0.0,0.0,0.0,0.0
730,0.0,0.0,0.0,0.0
731,0.0,0.0,0.0,0.0
732,0.0,0.0,0.0,0.0
733,0.0,0.0,0.0,0.0
734,0.0,0.0,0.0,0.0
735,0.0,0.0,0.0,0.0
736,0.0,0.0,0.0,0.0
737,0.0,0.0,0.0,0.0
738,0.0,0.024797278834317378,0.000901086295506597,0.0002763884011787339
739,0.009458493354936306,0.019206447890594287,0.02579153235738468,0.0423874488465533
740,0.035298593220974485,0.00047039215186734696,0.0060920602699124984,0.009356565610426991
741,0.006166453164188333,0.0,0.0,0.001647805923204555
742,0.0,4.279012377787475e-13,0.0,0.0
743,0.0,0.0,3.298306402216521e-11,9.933040904035172e-05
744,0.0,0.0,0.0,0.0
745,0.0,0.0,0.0,1.4798031137431698e-15
746,0.0,0.0,0.0,0.0
747,0.0,0.0,0.0,1.4692964381737315e-13
748,0.0,0.0,0.0,0.0
749,0.0,0.0,0.0,0.0
750,0.0,0.0,0.0,0.0
751,0.0,0.0,0.0,0.0
752,0.0,0.0,0.0,0.0
753,0.0,3.9610117140141783e-07,0.0,0.0
754,0.0,0.0035685514187734123,0.0,0.0
755,3.6884718532821304e-05,3.3399287334553316e-05,0.0,0.010681125549944265
756,0.0011661491116701204,0.0,1.8243798849779342e-08,5.6192647914597644e-09
757,0.0,0.0,0.0,0.0
758,0.0,0.0,0.0,0.0
759,0.0,0.0,0.0,0.0
760,0.0,0.0,0.0,0.0
761,0.0,0.0,0.0,0.0
762,0.0,0.0,0.0,0.0
763,0.0,0.0,0.0,0.0
764,0.0,0.0,0.0,0.0
765,0.0,0.0,0.0,0.0
766,0.0,0.0,0.0,0.0
767,0.0,0.0,0.0,0.0
768,0.0,0.0,0.0,0.0
769,0.0,0.0,0.0,0.0
770,0.0,0.0,0.0,0.0
771,0.0,0.0,0.0,0.0
772,0.0,0.0,0.0,0.0
773,0.0,0.0,0.0,2.51372411064214e-22
774,0.0,0.0,0.0,0.0
775,0.0,0.0,0.0,1.0480580344268317e-20
776,2.9236202917942613e-22,0.0,0.0,0.0
777,0.0,0.0006079781148424922,0.0,0.0
778,0.0,0.03506216856598249,0.0017857889389272495,0.00015808465305133736
779,0.017828424528349245,0.04709904324919936,0.029241310553684483,0.021801446964178604
780,0.03221873563572929,0.0175265898020789,0.02099513555881795,0.0523335668539541
781,0.03441173287271141,1.7810739056175587e-06,0.00032316880828316667,0.0
782,0.0,0.0,0.0,0.00018472541834984145
783,6.15177427638973e-06,0.0,0.0,0.0015576274752485794
784,0.0,6.219025686773689e-14,0.0,1.0334058623966975e-09
785,1.2981073916259027e-12,0.0,0.0,0.0
786,0.0,0.0,0.0,2.455920047340953e-11
787,0.0,0.0,0.0,2.457224835949616e-10
788,0.0,0.0,0.0,0.0
789,0.0,0.0,0.0,0.0
790,0.0,0.0,0.0,6.149556062955427e-12
791,0.0,0.0,0.0,0.0
792,0.0,0.0,0.0,1.0527260062550939e-11
793,0.0,0.0,0.0,0.0
794,0.0,0.0007669736953403212,0.0,0.0
795,2.410490684011186e-11,7.5330722781921735e-06,0.00013427319265486357,0.02856698588564156
796,0.002886124058157307,0.0,0.0,0.0
797,0.0,0.0,0.0,0.0
798,0.0,0.0,0.0,0.0
799,0.0,0.0,0.0,0.0
800,0.0,0.0,0.0,0.0
801,0.0,0.0,0.0,0.0
802,0.0,0.0,0.0,0.0
803,0.0,0.0,0.0,0.0
804,0.0,0.0,0.0,0.0
805,0.0,0.0,0.0,0.0
806,0.0,0.0,0.0,0.0
807,0.0,0.0,0.0,0.0
808,0.0,0.0,0.0,0.0
809,0.0,0.0,0.0,0.0
810,0.0,0.0,0.0,0.0
811,0.0,2.2623516995779264e-23,0.0,0.0
812,0.0,8.388203084779508e-19,0.0,0.0
813,0.0,2.6082303591883365e-17,0.0,0.0
814,0.0,3.735368150657367e-16,0.0,0.0
815,0.0,0.0,0.0,8.572885366721708e-15
816,0.0,0.0,0.0,0.0
817,0.0,0.0004643442010002175,0.0,0.0
818,3.8510273388745775e-06,0.0,0.0092622203894948,0.0
819,0.000880825155228869,0.048189716514123584,0.004243516237471806,0.0
820,0.030155557154327946,0.030423299835251816,0.0420575832077508,0.058149112829341064
821,0.048360934500693,1.9813322741583053e-05,1.4077250009167163e-05,0.00652669306270871
822,0.0,0.0020956280725557617,3.827242615972369e-12,0.0
823,3.777337064435888e-14,2.573150450174101e-06,0.00018723446676826392,0.012073269447916781
824,1.0711171034286505e-16,3.530516677961597e-05,0.0,0.00014020014143193392
825,3.1821685285647236e-06,0.0002189882768762426,0.0,0.0
826,6.542404228318047e-07,0.004618625482161992,2.7000038629370846e-12,2.8264484336343247e-08
827,0.00031847725970309107,0.0,0.0,0.027183857979360498
828,0.0,0.0,0.0,8.507753982784168e-15
829,0.0,0.0,0.0,0.0
830,0.0,0.0,0.0,2.497612602362204e-08
831,0.0,0.0,0.0,1.0741875294992397e-13
832,0.0,6.272609654861506e-10,0.0,0.0
833,0.0,1.6762182766329193e-08,0.0,0.0
834,0.0,0.010776685400575515,0.0,7.993326835580943e-05
835,6.985160471931896e-08,5.266816120280778e-05,0.002133203482716608,0.05942004261312234
836,0.0003080009427064782,2.3290421661229598e-12,4.864434292941067e-05,0.0
837,0.0,0.0,0.0,3.0873505434334527e-06
838,0.0,0.0,0.0,0.0
839,0.0,0.0,0.0,0.0
840,0.0,0.0,0.0,0.0
841,0.0,0.0,0.0,0.0
842,0.0,0.0,0.0,0.0
843,0.0,0.0,0.0,0.0
844,0.0,0.0,0.0,0.0
845,0.0,0.0,0.0,0.0
846,0.0,0.0,0.0,0.0
847,0.0,0.0,0.0,0.0
848,0.0,0.0,0.0,0.0
849,0.0,0.0,0.0,0.0
850,0.0,0.0,0.0,0.0
851,0.0,0.0,0.0,0.0
852,0.0,0.0,0.0,0.0
853,0.0,0.0,0.0,0.0
854,0.0,0.0,0.0,0.0
855,0.0,0.0,1.9913102654109804e-20,5.321278721114261e-13
856,0.0,0.0,0.0,1.487998754333396e-12
857,0.0,0.0,0.0,0.0
858,0.0,0.0009737224377867239,0.0004258339276114717,0.0
859,8.76350194214189e-05,0.04900573007914104,0.005728454939215402,0.001269595223513102
860,0.030862815593453313,0.06461052247257172,0.04311743492528312,0.038465882535143804
861,0.04673158795656514,0.03551161112891717,0.025126420330040734,0.07178968417182424
862,0.014482057746744659,0.0031975054071241137,8.46591104536705e-09,0.07578433901241649
863,0.041064933323882495,0.0021148618872983823,0.0,0.00027634036767570875
864,0.0,4.564586479957755e-05,0.0,0.030106394326683918
865,0.0,0.0020190613644000526,0.0,0.0
866,0.0,0.0,0.00021028567816734845,0.031189465059344508
867,0.0030151783478319324,0.0,0.0044277378158257335,0.07510109386095673
868,0.004838679706539728,0.0,0.0,0.0008555873579166049
869,5.692446390571392e-19,0.0,0.0,0.0
870,0.0,0.0,0.0,2.9590623173925326e-06
871,0.0,0.0,0.0,1.1935416994435996e-12
872,0.0,0.0,0.0,0.0
873,0.0,3.0186086340957403e-05,0.0,0.0
874,0.0,0.0,0.00138561924632418,0.0
875,5.5979055500890564e-06,1.0602369960199453e-05,0.002870092818968898,0.13192570148861144
876,0.0,0.0,0.0,0.0989081591008509
877,0.0,0.0,0.0,0.0013476635698781928
878,9.434843661917613e-07,0.0,0.0,0.0
879,0.0,0.0,0.0,0.0
880,0.0,0.0,0.0,0.0
881,0.0,0.0,0.0,0.0
882,0.0,0.0,0.0,0.0
883,0.0,0.0,0.0,0.0
884,0.0,0.0,0.0,0.0
885,0.0,0.0,0.0,0.0
886,0.0,0.0,0.0,0.0
887,0.0,0.0,0.0,0.0
888,0.0,0.0,0.0,0.0
889,0.0,0.0,0.0,0.0
890,0.0,0.0,0.0,0.0
891,0.0,0.0,0.0,0.0
892,0.0,0.0,0.0,0.0
893,0.0,1.7068210986519484e-14,0.0,0.0
894,0.0,1.2512225671273348e-12,0.0,0.0
895,0.0,1.8150846282392053e-11,1.8996882987617032e-20,4.779127512279662e-14
896,0.0,6.490399129076965e-10,0.0,2.8748640363648784e-20
897,0.0,1.49821471293587e-06,0.0,3.377247143680066e-17
898,2.5170672799205634e-08,0.0015523735793968921,5.44092996705578e-09,2.998872849903094e-11
899,7.625546514579147e-05,0.0181041781456776,2.09848977052679e-08,5.108645082858016e-12
900,0.001983808827579323,0.06750263998017664,0.012925320086975762,0.0004298361229682366
901,0.03850084505854055,0.07976640523784535,0.052472356670965246,0.04450897204937336
902,0.03863291191315335,0.06972399369210443,0.03848049025746621,0.088629368953028
903,0.008625021096781463,0.022465168667485127,0.0034759226089599755,0.09666647221744394
904,0.006599885691264674,0.0,0.004378509278577527,0.10558808853187417
905,0.007987635062088825,0.011017774540138364,1.3250074339429216e-14,0.09721852330248848
906,0.0,0.12479958602959433,0.003049918011693126,0.013508516559470128
907,0.004167328184300959,0.031826325913797235,0.015376417280394739,0.14997508169070822
908,0.11238585525864127,0.002538665912615414,7.700295162935632e-05,0.017134198686696623
909,0.0,6.0553874153800496e-06,0.0,0.05724921107527272
910,0.0013204536835638796,0.0,0.0,0.04052643268220241
911,0.00022104550802122265,0.0,0.0,0.06243797205420204
912,0.004241027261615576,0.0002771898434720017,0.0,0.0
913,0.0,0.005888547517650456,0.0,0.0
914,0.00014592316982822804,0.05389657586562176,0.0,0.0
915,3.6512492214994066e-10,0.27384639516303244,0.02048264294940362,0.039637344028238784
916,0.040858617939319136,3.523828906595686e-05,0.01255143426736268,0.371009424510567
917,0.0,0.0,2.307859154919146e-08,0.10284919153115789
918,0.003995835502675874,0.0,0.0,0.0
919,0.0,0.0,0.0,0.0
920,0.0,0.0,0.0,0.0
921,0.0,0.0,0.0,0.0
922,0.0,0.0,0.0,0.0
923,0.0,0.0,0.0,0.0
924,0.0,0.0,0.0,0.0
925,0.0,0.0,0.0,0.0
926,0.0,0.0,0.0,0.0
927,0.0,0.0,0.0,0.0
928,0.0,0.0,0.0,0.0
929,0.0,0.0,0.0,0.0
930,0.0,0.0,0.0,0.0
931,0.0,0.0,0.0,0.0
932,0.0,0.0,0.0,0.0
933,0.0,0.0,0.0,0.0
934,0.0,0.0,0.0,0.0
935,0.0,0.0,7.903531644495312e-13,0.0
936,0.0,1.6578969746567e-11,0.0,1.4753214356866e-19
937,2.8748640363648784e-20,2.771120651050877e-10,0.0,1.736256212050115e-23
938,1.3208441319308622e-12,0.0,2.4776460230359468e-08,2.3588232008460503e-15
939,0.0,0.0,0.00050893945126748,0.0
940,0.0,0.0,0.010033426857541744,1.0406962576473693e-09
941,0.0,0.08293207663930605,0.01362202886808279,0.0008145220700980619
942,0.05127125984381421,0.09847708659381284,0.06927535491739145,0.05219813014583335
943,0.060169696797116284,0.10941898787588646,0.07110037009510226,0.07060536508820861
944,0.0831723507995021,0.12157665413630359,0.07961636493810569,0.05304097098558784
945,0.09509851628730362,0.13508517159442357,0.056778262964188086,0.09751418511443428
946,0.09640234904925551,0.15009463522777136,0.0855580068239101,0.10152419336858687
947,0.11419914803634512,0.16677181698485913,0.11560831103290424,0.11432499021464894
948,0.1314704703105705,0.15090618747084578,0.06308936717010646,0.18530201888222458
949,0.031685810279871815,0.2020386427950648,0.003914821180132501,0.10702938557451877
950,0.023373060674910892,0.039508647780915486,0.0038576377385263006,0.22859887683604632
951,0.02056592422271124,0.06605769453669996,0.004485081876504484,0.23549368354891265
952,0.03520140040799502,3.875592893767092e-08,0.00038169245354540185,0.2548204175836625
953,0.02022543888293713,0.00426953550233277,0.00027726607700745014,0.28465980476165476
954,0.0007315308010680115,0.13791666098260258,5.028076470258968e-05,0.3236038090574287
955,0.044442308269642836,0.38397507455739105,0.07123338498760609,0.15731852684362344
956,0.14593310457438136,0.1098042858366779,0.18349957360330457,0.4304665212446303
957,0.3819074319709134,0.04116417112815117,0.01455772244249446,0.04782861070093954
958,0.014938938902668113,0.014985861265883305,9.790783029214991e-06,0.5027481268803276
959,0.0,0.0,0.0,0.17440095445452386
960,0.0,0.0,0.0,0.0
961,0.0,0.0,0.0,0.0
962,0.0,0.0,0.0,0.0
963,0.0,0.0,0.0,0.0
964,0.0,0.0,0.0,0.0
965,0.0,0.0,0.0,0.0
966,0.0,0.0,0.0,0.0
967,0.0,0.0,0.0,0.0
968,0.0,0.0,0.0,0.0
969,0.0,0.0,0.0,0.0
970,0.0,0.0,0.0,0.0
971,0.0,0.0,0.0,0.0
972,0.0,0.0,0.0,0.0
973,0.0,0.0,0.0,0.0
974,0.0,0.0,0.0,0.0
975,0.0,0.0,0.0,1.1132652287460199e-17
976,9.76107169097196e-20,1.1043375612181374e-12,0.0,0.0
977,0.0,2.5887840002601516e-21,2.1290126655517623e-11,0.0
978,5.293367659480661e-13,0.0,0.0,0.0
979,0.0,0.0,0.0,0.0
980,0.0,0.00040991593397825884,0.0,0.0
981,0.0,0.020339775636931637,0.0,0.0
982,0.0013145809938170936,0.014425829362905498,0.08158527206277054,0.0
983,0.013657847220250773,0.011118780002581829,0.09382934390634463,0.002701270156456681
984,0.022284737664513443,0.09618780420792097,0.0,2.4131439558649566e-05
985,0.008705290113436806,0.1421456726862812,0.023103833525890235,0.0010182822268524202
986,0.03941317964296427,0.16515797027553736,0.05163944047745416,0.001809283641255309
987,0.04206684538961807,0.18526065679622636,0.08633752469161551,0.0030574722551673233
988,0.14088040318588646,0.20589113209428683,0.12456278489248088,0.10241842867321864
989,0.169914761735857,0.22876792454952172,0.15257892757712638,0.10836960807196006
990,0.19418872550211702,0.25418658283288226,0.17712789241062182,0.13989125781732772
991,0.2206703903145542,0.28242953648099295,0.17038914913797384,0.17894918498003037
992,0.22388346013144436,0.3138105960899966,0.1685936774581493,0.10728145816614916
993,0.2596272130923651,0.3486784400999975,0.20009779389668403,0.23715508832161913
994,0.2854865953317638,0.3874204889999975,0.23676884612538335,0.29011810492354384
995,0.31951996925393283,0.43046720999999744,0.33041950952952304,0.28834288028765714
996,0.377795973062337,0.47829689999999736,0.361647939084266,0.44289789950452785
997,0.4207519728289777,0.5314409999999974,0.31654150988153595,0.4661744999376117
998,0.46074312962672564,0.43634984050235487,0.3766424708827847,0.5904899999999977
999,0.5302279013349851,0.12895013333919203,0.015479418517532127,0.05302464290414034
1000,0.0,0.0,0.0,0.0
1001,0.0,0.0,0.0,0.0
1002,0.0,0.0,0.0,0.0
1003,0.0,0.0,0.0,0.0
1004,0.0,0.0,0.0,0.0
1005,0.0,0.0,0.0,0.0
1006,0.0,0.0,0.0,0.0
1007,0.0,0.0,0.0,0.0
1008,0.0,0.0,0.0,0.0
1009,0.0,0.0,0.0,0.0
1010,0.0,0.0,0.0,0.0
1011,0.0,0.0,0.0,0.0
1012,0.0,0.0,0.0,0.0
1013,0.0,0.0,0.0,0.0
1014,0.0,0.0,0.0,0.0
1015,0.0,3.419363463093788e-16,0.0,0.0
1016,0.0,0.0,4.054448013847386e-15,0.0
1017,0.0,0.0,2.353168472777298e-13,0.0
1018,0.0,0.0,0.0,0.0
1019,0.0,0.0,0.0,0.0
1020,0.0,0.0,0.0,0.0
1021,0.0,0.0,9.55254818785804e-08,0.0
1022,0.0,0.0,0.0,0.0
1023,0.0,2.4723790974535574e-17,0.02540128643318924,0.0
1024,0.0008759440689692518,0.0,0.0,0.0
1025,0.0,0.0,0.021899159661597476,0.0
1026,0.0,0.020470924277291726,0.0,0.0
1027,0.0009166344602420095,0.0,0.08527244422492124,0.0
1028,0.0049522713700400275,0.0,0.16243903115665093,8.315041375057131e-14
1029,0.011365979016822434,0.03259560011824273,0.17377663963669931,0.0
1030,0.014521073967630752,0.01813049434014844,0.20624050666205782,8.863708556875287e-05
1031,0.0044091806969616615,0.02247607242799618,0.24212212942318623,0.003987451353703685
1032,0.024451737412700878,0.20091308334699465,0.0765384043856775,0.0005208493060796371
1033,0.01889904382826251,0.3085571993218973,0.05962439104824462,0.02157006957000756
1034,0.13931168569410418,0.04418768392674249,0.34848707693707226,0.0018715268464054799
1035,0.05081830630000874,0.4311400935903466,0.09924303538056367,0.0010906063261947008
1036,0.08208666800166778,0.529720543428868,0.17255870177229218,0.03675431204012013
1037,0.1890354726504999,0.5904741985199958,0.25750210249716454,0.2136271376295189
1038,0.5056984414435739,0.29186492727534097,0.5230157364380678,0.6560999999999979
1039,0.059048999999999824,0.06176447765920211,0.43065342669186624,0.051043742920676045
1040,0.0,0.0,0.0,0.0
1041,0.0,0.0,0.0,0.0
1042,0.0,0.0,0.0,0.0
1043,0.0,0.0,0.0,0.0
1044,0.0,0.0,0.0,0.0
1045,0.0,0.0,0.0,0.0
1046,0.0,0.0,0.0,0.0
1047,0.0,0.0,0.0,0.0
1048,0.0,0.0,0.0,0.0
1049,0.0,0.0,0.0,0.0
1050,0.0,0.0,0.0,0.0
1051,0.0,0.0,0.0,0.0
1052,0.0,0.0,0.0,0.0
1053,0.0,0.0,0.0,0.0
1054,0.0,0.0,0.0,0.0
1055,0.0,0.0,0.0,0.0
1056,0.0,0.0,4.064257252857738e-17,0.0
1057,0.0,0.0,4.842387286943217e-17,0.0
1058,0.0,0.0,0.0,0.0
1059,0.0,0.0,0.0,0.0
1060,0.0,0.0,0.0,0.0
1061,0.0,0.0,3.1348970605448065e-09,0.0
1062,0.0,0.0,0.0,0.0
1063,0.0,0.0,5.219466983513066e-16,0.0
1064,0.0,0.0,0.0,0.0
1065,0.0,0.0,0.0,0.0
1066,0.0,0.0,0.0,0.0
1067,0.0,0.0,0.0014566021396708033,0.0
1068,2.713465097459584e-11,0.0,0.0,0.0
1069,0.0,0.0,0.0,0.0
1070,0.0,0.003245690435746759,0.0,0.0
1071,0.0,0.0,0.05743110729210403,9.25953166102359e-15
1072,0.0,0.0,0.02383708265671071,0.0
1073,0.0009129548447711569,0.004463527292374288,0.09657488875788973,0.0
1074,0.0,0.0,0.07577642818810165,0.0
1075,0.0,0.0,0.03117262827857188,0.0
1076,0.0,0.03397894207317652,0.18019812685381084,4.011352333596002e-05
1077,0.006686098221852054,0.6465352608093344,0.1005377434088692,0.1039648326084856
1078,0.535011867868069,0.4565880326996321,0.5790380169408819,0.7289999999999983
1079,0.6178109427847699,0.10076262405017225,0.039823215209386295,0.24854262880084332
1080,0.0,0.0,0.0,0.0
1081,0.0,0.0,0.0,0.0
1082,0.0,0.0,0.0,0.0
1083,0.0,0.0,0.0,0.0
1084,0.0,0.0,0.0,0.0
1085,0.0,0.0,0.0,0.0
1086,0.0,0.0,0.0,0.0
1087,0.0,0.0,0.0,0.0
1088,0.0,0.0,0.0,0.0
1089,0.0,0.0,0.0,0.0
1090,0.0,0.0,0.0,0.0
1091,0.0,0.0,0.0,0.0
1092,0.0,0.0,0.0,0.0
1093,0.0,0.0,0.0,0.0
1094,0.0,0.0,0.0,0.0
1095,0.0,0.0,0.0,0.0
1096,0.0,0.0,0.0,0.0
1097,0.0,0.0,0.0,0.0
1098,0.0,0.0,0.0,0.0
1099,0.0,0.0,0.0,0.0
1100,0.0,3.094676940039258e-16,0.0,0.0
1101,0.0,0.0,1.14640596923623e-11,0.0
1102,0.0,0.0,0.0,0.0
1103,0.0,0.0,0.0,0.0
1104,0.0,0.0,0.0,0.0
1105,0.0,0.0,0.0,0.0
1106,0.0,0.0,0.0,0.0
1107,0.0,0.0,0.0,0.0
1108,0.0,0.0,0.0,0.0
1109,0.0,0.0,0.0,0.0
1110,0.0,0.0,0.0,0.0
1111,0.0,0.0,5.943970145928151e-11,0.0
1112,0.0,0.0,0.0,0.0
1113,0.0,0.0,0.0,0.0
1114,0.0,0.0,0.0,0.0
1115,0.0,0.0,0.0,0.0
1116,0.0,0.0,0.0,0.022607534267981868
1117,0.0005971482255989345,0.6304651951899604,0.1578716650601057,0.39885647215832054
1118,0.4539530677560528,0.7514963716392762,0.6473233314859065,0.8099999999999987
1119,0.3387790613519681,0.05448490773142808,0.11390526015092915,0.8977428610699998
1120,0.0,0.0,0.0,0.0
1121,0.0,0.0,0.0,0.0
1122,0.0,0.0,0.0,0.0
1123,0.0,0.0,0.0,0.0
1124,0.0,0.0,0.0,0.0
1125,0.0,0.0,0.0,0.0
1126,0.0,0.0,0.0,0.0
1127,0.0,0.0,0.0,0.0
1128,0.0,0.0,0.0,0.0
1129,0.0,0.0,0.0,0.0
1130,0.0,0.0,0.0,0.0
1131,0.0,0.0,0.0,0.0
1132,0.0,0.0,0.0,0.0
1133,0.0,0.0,0.0,0.0
1134,0.0,0.0,0.0,0.0
1135,0.0,0.0,0.0,0.0
1136,0.0,0.0,0.0,0.0
1137,0.0,0.0,0.0,0.0
1138,0.0,0.0,0.0,0.0
1139,0.0,0.0,0.0,0.0
1140,0.0,0.0,1.4658996031764906e-17,0.0
1141,1.3193096428588415e-18,0.0,0.0,0.0
1142,0.0,0.0,0.0,0.0
1143,0.0,0.0,0.0,0.0
1144,0.0,0.0,0.0,0.0
1145,0.0,0.0,0.0,0.0
1146,0.0,0.0,0.0,0.0
1147,0.0,0.0,0.0,0.0
1148,0.0,0.0,0.0,0.0
1149,0.0,0.0,0.0,0.0
1150,0.0,0.0,0.0,0.0
1151,0.0,8.178876990000007e-10,0.0,0.0
1152,3.8742048900000036e-11,0.0,0.0,7.370076932100006e-08
1153,0.0,0.0,0.0,0.0
1154,0.0,1.6328530629900005e-05,0.0,0.0
1155,0.0,0.0006089911211430003,0.0,0.0
1156,1.6328530629900005e-05,0.2828139659172292,0.0,0.0
1157,0.03164333271643468,0.8028280102013651,0.05578261917699605,0.063815783854135
1158,0.6686108851673815,0.899999999999999,0.6643333472197777,0.7700290095884653
1159,0.6864634575037609,0.8684781957145515,0.735405182602298,0.9999999999999996
1160,0.0,0.0,0.0,0.0
1161,0.0,0.0,0.0,0.0
1162,0.0,0.0,0.0,0.0
1163,0.0,0.0,0.0,0.0
1164,0.0,0.0,0.0,0.0
1165,0.0,0.0,0.0,0.0
1166,0.0,0.0,0.0,0.0
1167,0.0,0.0,0.0,0.0
1168,0.0,0.0,0.0,0.0
1169,0.0,0.0,0.0,0.0
1170,0.0,0.0,0.0,0.0
1171,0.0,0.0,0.0,0.0
1172,0.0,0.0,0.0,0.0
1173,0.0,0.0,0.0,0.0
1174,0.0,0.0,0.0,0.0
1175,0.0,0.0,0.0,0.0
1176,0.0,0.0,0.0,0.0
1177,0.0,0.0,0.0,0.0
1178,0.0,0.0,0.0,0.0
1179,0.0,0.0,0.0,0.0
1180,0.0,0.0,0.0,0.0
1181,0.0,0.0,0.0,0.0
1182,0.0,0.0,0.0,0.0
1183,0.0,0.0,0.0,0.0
1184,0.0,0.0,0.0,0.0
1185,0.0,0.0,0.0,0.0
1186,0.0,0.0,0.0,0.0
1187,0.0,0.0,0.0,0.0
1188,0.0,0.0,0.0,0.0
1189,0.0,0.0,0.0,0.0
1190,0.0,8.178876990000007e-10,0.0,0.0
1191,3.8742048900000036e-11,1.7696985300000013e-08,0.0,0.0
1192,0.0,2.205384490620002e-06,0.0,4.782969000000004e-09
1193,0.0,4.060273603410002e-05,0.0,3.831689610000003e-07
1194,3.831689610000003e-07,0.0009661417936650004,0.0,0.0
1195,5.783811168150003e-05,0.007506823335300002,0.0,0.0
1196,0.0,0.05453004645000001,0.0,0.0
1197,0.0018729103500000005,0.4344691465769868,0.0,0.0
1198,0.05399127161972137,0.9749684449500675,0.15389999929466408,0.07332281830033344
1199,0.0,0.0,0.0,0.0
